 variable ,lower,median,upper,distribution,description,unit,source,additional notes,,
n_years,30,NA,30,const,Number of year sover which the effects of the AF intervention will be assessed,,,,,
var_cv,5,NA,10,posnorm,Coefficient of variation (ratio of standard deviation to the mean§ relative variability),%,,Made up values§ used always§ when CV could not be calculated from data,,
discount_rate,4,NA,4,const,Used to calculate the present value of future cash flows [%],%,,Made up value§ research ongoing,,
arable_area_treeless,10.18,NA,10.18,const,Size of the arable field§ which is compared against a AF system of the same size [ha],ha,Jan Grosse-Kleimann (2024),,,
tree_row_area,0.57,NA,0.57,const,Total area of tree rows (wooded area) in AF system [ha],ha,Jan Grosse-Kleimann (2024),,,
num_trees,473,NA,473,const,Number of apple trees planted in AF system ,,Jan Grosse-Kleimann (2024),,,
water_price,0.01,0.03,0.31,posnorm,Cost of irrigation water [€/l],€/l,https://www.bund.net/fileadmin/user_upload_bund/publikationen/fluesse/fluesse_wasserentnahmeentgelt_studie.pdf (2019!!),Source is from 2019§ more recent numbers not found yet,,
farmer_planning_time,150,NA,300,posnorm,Time spent discussing goals with consultants§ planning AF system + other planning work done by farmer [h],h,Jan Grosse-Kleimann (2024),Might be exaggerated§ cosult other experts to varify numbers!!!,,
planning_consulting,3000,NA,4000,posnorm,Total payment of hired planner/consultant [€],€,Jan Grosse-Kleimann (2024),Second oppinion from planner/consultant would be nice,,
labour_cost,12.41,17.3,19.85,posnorm,Cost of labour [€/h],€/h,"Jan Grosse-Kleimann (2024) , https://www.glfa.de/index.php?eID=tx_nawsecuredl&u=0&g=0&t=1708797384&hash=5a2d343018e48163948ff0fde86cd92889381d35&file=/fileadmin/glfa/2024/Bundesempfehlung_Landwirtschaft_2023.pdf , https://www.stepstone.de/gehalt/Landwirt-in.html",Upper limit complicated to find value for. Jan calculates with a mean of 15 €/ha§ the legal min. wage in agriculture is 12.41 €/h since 2024§ stepstone is online job portal§ not scientific source but seems to have data which is not accessible though,,
pruning_course,2180,NA,2680,posnorm,Paying pruning course for employee(s) [€],€,https://www.obstbaumschnittschule.de/kurs/bwa-nrw-west-2324/,For now only one source§ additional sources must be considered,,
gps_field_measuring,6,NA,7,posnorm,Labour hours of measuring field with GPS§ identifying placement of tree strips [h],h,Jan Grosse-Kleimann (2024),,Rage seems very narrow§ since Jan was not calibrated before interview. Broaden range?,
dig_planting_holes,0.09,NA,0.13,posnorm,Labour hours of preparing planting holes [h/tree],h/U,Lena Voßkuh§ Michel Müller (2024),Scientists workung with AF systems in Witzenhausen/Uni Kassel -> filled out questionaire§ not calibrated,,
planting_trees,0.5,NA,1.5,posnorm,Labour hours of planting tree [h/tree],h/U,"Jan Grosse-Kleimann (2024) , Lena Voßkuhl§ Michel Müller (2024) , https://www.nabu.de/imperia/md/content/nabude/streuobst/62.pdf",https://www.nabu.de/imperia/md/content/nabude/streuobst/62.pdf -> 0.5-1.25 § Jan Grosse-Kleimann (2024) -> 1.5 § Lena Voßkuhl (2024) -> 0.5-0.75,,
appletree_price,10,NA,20,posnorm,Price per apple tree (tree only) [€/tree],€/U,Jan Grosse-Kleinman (2024),Jan suggested 18€ per tree§ range of 10-20 seems realistic but better sources are needed!,,
vole_protection,9.05,NA,11.75,posnorm,Cost of mesh for protection against vole damage [€/tree],€/U,https://wuehlmauskorb.de/Wuehlmauskorb-fuer-Baeume/wk60,Only one source§ must consider additional sources/expert estimations,,
deer_protection,1.18,NA,4,posnorm,Cost of mesh for protection against deer browsing [€/tree],€/U,"https://biobaumversand.de/Verbissschutz-Anti-Knapp/22 , https://www.terragala.de/baum-und-pflanzenschutz/obstbau",Only one source§ must consider additional sources/expert estimations,,
weed_protection,1.15,NA,1.6,posnorm,Cost of adding fleece to tree base for weed suppression [€/tree],€/U,https://w.grube.de/p/plantagard-holzfaser-mulchplatte/P73-062/?articleNo=73-062&em_src=kw&em_cmp=google/shopping&gad_source=1&gclid=Cj0KCQiA2eKtBhDcARIsAEGTG42TFq3lzqhmA7rae3T9S4-3_bUiMDJQljxibyZeTVf94Xna7tWu3KcaAjC_EALw_wcB#itemId=73-064,Only one source§ must consider additional sources/expert estimations,,
irrigation_sys_install,4000,NA,4000,const,Cost of buying and installing irrigation system [€],,Jan Grosse-Kleimann (2024),Hard to find additional sources for that§ expert estimations would be good,,
irrigation_after_planting,5,NA,50,posnorm,Water use right after planting tree [l/tree],l/U,"Jan Grosse-Kleimann (2024)  , https://www.dalival.com/deconseils/baume-gut-fur-die-pflanzung-vorbereiten/ ",Jan Grosse-Kleimann (2024) -> calculates with 50l/tree § https://www.dalival.com/deconseils/baume-gut-fur-die-pflanzung-vorbereiten/ -> mention 5-10l/tree when planting,,
irrigation_123,230,NA,345,posnorm,Water use in frist three years of tree establishment [l/tree],l/U,https://aepfelundkonsorten.org/faq?q=die-wichtigsten-tipps-fuer-die-pflege-von-streuobstpflanzungen,Only one source§ values are for standard trees planted in Brandenburg -> much dryer climate than NRW. Difficult finding sources. ,,
irrigation_annual,1,NA,413.61,posnorm,Water use in annual irrigation [l/tree],l/U,https://www.poma-online.de/gezielte-wassergaben§QUlEPTY2NDc5MjkmTUlEPTczNjk4.html,"Difficult to find values§ expert estimation needed. Value for intensive apple production used as ""upper""§ ""lower"" can not be 0§ hence 1§ leading to warning in simulation",,
compost_after_planting,10,NA,20,posnorm,Compost used at time of planting [l/tree],l/U,"Jan Grosse-Kleimann (2024) , own experience from replanting action on Hof Grosse-Kleimann 02.02.2024",,,
compost_price,0.19,NA,0.19,const,Price of compost [€/l],€/l,Jan Grosse-Kleimann (2024),Cost calculated from Jans Table§ where 157.89€/ha are given. Planting density (789trees/ha) seems to not be correct in his table. 1§ 473trees/0.57ha = 829.82trees/ha (!!) Calculation done: 157.89[€/ha]/829.82[trees/ha]=0.19[€/tree],,
pruning_juv1,0.15,NA,0.2,posnorm,Labour hours for pruning juvenile apple trees (shape pruning year 1-5) [h/tree],h/U,Jan Grosse-Kleimann (2024),"Depending on if cut material is left on site or if it is removed (see ""Schnitt- und Räumungsaufwand Apfelbäume"" in ""Rentabilitätsberechnung"")",,
pruning_juv2,0.35,NA,0.45,posnorm,Labour hours for pruning juvenile apple trees (shape pruning year 6-10) [h/tree],h/U,Jan Grosse-Kleimann (2024),"Depending on if cut material is left on site or if it is removed (see ""Schnitt- und Räumungsaufwand Apfelbäume"" in ""Rentabilitätsberechnung"")",,
pruning_adult1,0.5,NA,0.7,posnorm,Labour hours for pruning adult apple trees for even growth and fruit production + quality (year 11-15) [h/tree],h/U,Jan Grosse-Kleimann (2024),"Depending on if cut material is left on site or if it is removed (see ""Schnitt- und Räumungsaufwand Apfelbäume"" in ""Rentabilitätsberechnung"")",,
pruning_adult2,0.4,NA,0.65,posnorm,Labour hours for pruning adult apple trees for even growth and fruit production + quality (year 16-30) [h/tree],h/U,Jan Grosse-Kleimann (2024),"Depending on if cut material is left on site or if it is removed (see ""Schnitt- und Räumungsaufwand Apfelbäume"" in ""Rentabilitätsberechnung"")",,
root_pruning,1,NA,2,posnorm,Labour hours for root pruning trees [h],h,Jan Grosse-Kleimann (2024),Value estimated in interview. Jan was very confident since root pruning has been done not long ago and Jan had good memory of it,,
mowing_treerow,56,NA,87,posnorm,Labour hours for mowing the tree strips manually [h/ha],h/ha,Jan Grosse-Kleimann (2024),Jan gave estimation in interview. First year with mowing about 32-50h of work for all tree strips (0.57ha),,
maize_yield,5.42,10.37,13.69,posnorm,Maize yield [t/ha],t/ha,https://www.landesdatenbank.nrw.de/ldbnrw//online?operation=table&code=41241-03d&bypass=true&levelindex=0&levelid=1708003551353#abreadcrumb,Calculated min§ max and median from yield data from Kreis Steinfurt§ Kreis Coesfeld§ Kreis Borken and Münster for 1999-2022,,
wheat_yield,5.99,8.155,9.7,posnorm,Winter wheat yield [t/ha],t/ha,https://www.landesdatenbank.nrw.de/ldbnrw/online?operation=previous&levelindex=2&step=2&titel=Ergebnis&levelid=1706702870616&acceptscookies=false#abreadcrumb,Calculated min§ max and median from yield data from Kreis Steinfurt§ Kreis Coesfeld§ Kreis Borken and Münster for 1999-2022,,
barley_yield,4.48,6.825,9,posnorm,Winter barley yield [t/ha],t/ha,https://www.landesdatenbank.nrw.de/ldbnrw/online?operation=previous&levelindex=2&step=2&titel=Ergebnis&levelid=1706702870616&acceptscookies=false#abreadcrumb,Calculated min§ max and median from yield data from Kreis Steinfurt§ Kreis Coesfeld§ Kreis Borken and Münster for 1999-2022,,
rapeseed_yield,2.9,3.76,5,posnorm,Winter rape seed yield [t/ha],t/ha,https://www.landesdatenbank.nrw.de/ldbnrw/online?operation=previous&levelindex=2&step=2&titel=Ergebnis&levelid=1706702870616&acceptscookies=false#abreadcrumb,Calculated min§ max and median from yield data from Kreis Steinfurt§ Kreis Coesfeld§ Kreis Borken and Münster for 1999-2022,,
maize_seed_price,176.76,NA,293.12,posnorm,Cost of Maize seed per ha,€/ha,https://bsv-saaten.de/saatgut-landwirtschaft-1/mais/frueh-2.html,Calculated from prices of early and semi-early varieties§ best suited for modeled crop rotation,,
maize_price,131,175.4,305.6,posnorm,Price of maize [€/t],€/t,https://de.statista.com/statistik/daten/studie/457619/umfrage/verkaufspreis-von-mais-in-deutschland/#statisticContainer,Calculated min§ max and median from price data available on statista -> prices from 1995/1996 - 2020/2021,,
maize_fert_price,153.5,203.7,240.01,posnorm,Total cost of fertilizer§ includes NPK + Lime [€/ha],€/ha,"KTBL Leistungs-Kostenrechnung Pflanzenbau Mais (CCM) , https://llg.sachsen-anhalt.de/fileadmin/Bibliothek/Politik_und_Verwaltung/MLU/LLFG/Dokumente/04_themen/betriebswirtschaft/prozesskosten/bw_prozess_16.pdf§ S.18",,,
maize_cides_price,63.2,70,102,posnorm,Total cost of pesticides used in conventional maize field,€/ha,"KTBL Leistungs-Kostenrechnung Pflanzenbau Mais (CCM) , https://llg.sachsen-anhalt.de/fileadmin/Bibliothek/Politik_und_Verwaltung/MLU/LLFG/Dokumente/04_themen/betriebswirtschaft/prozesskosten/bw_prozess_16.pdf§ S.18",,,
maize_mach_price,285.75,506.19,607.02,posnorm,Machine cost for Maize management§ includes fixed and variable machine cost [€/ha],€/ha,"KTBL Leistungs-Kostenrechnung Pflanzenbau Mais (CCM) , https://llg.sachsen-anhalt.de/fileadmin/Bibliothek/Politik_und_Verwaltung/MLU/LLFG/Dokumente/04_themen/betriebswirtschaft/prozesskosten/bw_prozess_16.pdf§ S.18",,,
maize_labour,7.43,12.67,12.67,posnorm,Labour hours for Maize management [h/ha],h/ha,"KTBL Leistungs-Kostenrechnung Pflanzenbau Mais (CCM) , https://llg.sachsen-anhalt.de/fileadmin/Bibliothek/Politik_und_Verwaltung/MLU/LLFG/Dokumente/04_themen/betriebswirtschaft/prozesskosten/bw_prozess_16.pdf§ S.18",,,
maize_insurance,6,6.55,9.13,posnorm,Cost of insurance [€/ha],€/ha,"KTBL Leistungs-Kostenrechnung Pflanzenbau Mais (CCM) , https://llg.sachsen-anhalt.de/fileadmin/Bibliothek/Politik_und_Verwaltung/MLU/LLFG/Dokumente/04_themen/betriebswirtschaft/prozesskosten/bw_prozess_16.pdf§ S.18",,,
wheat_seed_price,39.2,100.66,229.32,posnorm,Cost of wheat seed per ha,€/ha,"KTBL Leistungs-Kostenrechnung Pflanzenbau Winterweizen/Sommerweizen Futterbau , https://llg.sachsen-anhalt.de/fileadmin/Bibliothek/Politik_und_Verwaltung/MLU/LLFG/Dokumente/04_themen/betriebswirtschaft/prozesskosten/bw_prozess_16.pdf§ S.12https://www.baywa.de/de/pflanzenbau/getreide/saatgut/wintergetrei, de/winterweizen/c-sh_bp_9446978/",,,
wheat_price,126,175.65,310,posnorm,Price of winter wheat [€/t],€/t,https://de.statista.com/statistik/daten/studie/182308/umfrage/verkaufspreise-fuer-weizen-in-deutschland/,Calculated min§ max and median from price data available on statista -> prices from 1995/1996 - 2020/2021,,
barley_price,114,157.3,279.1,posnorm,Price of barley [€/t],€/t,https://de.statista.com/statistik/daten/studie/457570/umfrage/verkaufspreis-von-futtergerste-in-deutschland/,Calculated min§ max and median from price data available on statista -> prices from 1995/1996 - 2022/2023,,
rapeseed_price,192.4,362.1,712.1,posnorm,Price of rape seed [€/t],€/t,https://de.statista.com/statistik/daten/studie/480850/umfrage/verkaufspreis-von-raps-in-deutschland/,Calculated min§ max and median from price data available on statista -> prices from 2005 - 2022,,
wheat_fert_price,221.6,271.84,284,posnorm,Total cost of fertilizer§ includes NPK + Lime [€/ha],€/ha,"KTBL Leistungs-Kostenrechnung Pflanzenbau Winterweizen/Sommerweizen Futterbau , https://llg.sachsen-anhalt.de/fileadmin/Bibliothek/Politik_und_Verwaltung/MLU/LLFG/Dokumente/04_themen/betriebswirtschaft/prozesskosten/bw_prozess_16.pdf§ S.12",,,
wheat_cides_price,98.53,133.34,214.78,posnorm,Total cost of pesticides used in conventional wheat field,€/ha,"KTBL Leistungs-Kostenrechnung Pflanzenbau Winterweizen/Sommerweizen Futterbau , https://llg.sachsen-anhalt.de/fileadmin/Bibliothek/Politik_und_Verwaltung/MLU/LLFG/Dokumente/04_themen/betriebswirtschaft/prozesskosten/bw_prozess_16.pdf§ S.12",,,
wheat_mach_price,261.3,350.03,369.69,posnorm,Machine cost for Wheat§ includes fixed and variable machine cost [€/ha],€/ha,"KTBL Leistungs-Kostenrechnung Pflanzenbau Winterweizen/Sommerweizen Futterbau , https://llg.sachsen-anhalt.de/fileadmin/Bibliothek/Politik_und_Verwaltung/MLU/LLFG/Dokumente/04_themen/betriebswirtschaft/prozesskosten/bw_prozess_16.pdf§ S.12",,,
wheat_labour,3.45,4.6,6.75,posnorm,Labour cost for wheat management [h/ha],h/ha,"KTBL Leistungs-Kostenrechnung Pflanzenbau Winterweizen/Sommerweizen Futterbau , https://llg.sachsen-anhalt.de/fileadmin/Bibliothek/Politik_und_Verwaltung/MLU/LLFG/Dokumente/04_themen/betriebswirtschaft/prozesskosten/bw_prozess_16.pdf§ S.12",,,
wheat_insurance,7.7,8.1,11.78,posnorm,Cost of insurance [€/ha],€/ha,"KTBL Leistungs-Kostenrechnung Pflanzenbau Mais (CCM) , https://llg.sachsen-anhalt.de/fileadmin/Bibliothek/Politik_und_Verwaltung/MLU/LLFG/Dokumente/04_themen/betriebswirtschaft/prozesskosten/bw_prozess_16.pdf§ S.18",,,
rapeseed_seed_price,69.9,102.23,148.7,posnorm,Cost of rapeseed seed per kg,€/kg,https://www.baywa.de/de/pflanzenbau/getreide/saatgut/wintergetreide/winterweizen/c-sh_bp_9446978/,,,
rapeseed_fert_price,228.5,266.365,272.46,posnorm,Total cost of fertilizer§ includes NPK + Lime [€/ha],€/ha,"KTBL Leistungs-Kostenrechnung Pflanzenbau Winterraps/Winterraps (Rapsöl) , https://llg.sachsen-anhalt.de/fileadmin/Bibliothek/Politik_und_Verwaltung/MLU/LLFG/Dokumente/04_themen/betriebswirtschaft/prozesskosten/bw_prozess_16.pdf§ S.19",,,
rapeseed_cides_price,178.38,197.045,259.87,posnorm,Total cost of pesticides used in conventional rapeseed field,€/ha,"KTBL Leistungs-Kostenrechnung Pflanzenbau Winterraps/Winterraps (Rapsöl) , https://llg.sachsen-anhalt.de/fileadmin/Bibliothek/Politik_und_Verwaltung/MLU/LLFG/Dokumente/04_themen/betriebswirtschaft/prozesskosten/bw_prozess_16.pdf§ S.19",,,
rapeseed_mach_price,266,331.17,438,posnorm,Machine cost for rapeseed§ includes fixed and variable machine cost [€/ha],€/ha,"KTBL Leistungs-Kostenrechnung Pflanzenbau Winterraps/Winterraps (Rapsöl) , https://llg.sachsen-anhalt.de/fileadmin/Bibliothek/Politik_und_Verwaltung/MLU/LLFG/Dokumente/04_themen/betriebswirtschaft/prozesskosten/bw_prozess_16.pdf§ S.19",,,
rapeseed_labour,4.8,6.055,8.25,posnorm,Labour cost for rapeseed management [h/ha],h/ha,"KTBL Leistungs-Kostenrechnung Pflanzenbau Winterraps/Winterraps (Rapsöl) , https://llg.sachsen-anhalt.de/fileadmin/Bibliothek/Politik_und_Verwaltung/MLU/LLFG/Dokumente/04_themen/betriebswirtschaft/prozesskosten/bw_prozess_16.pdf§ S.19",,,
rapeseed_insurance,16.38,17.55,34.36,posnorm,Cost of insurance [€/ha],€/ha,"KTBL Leistungs-Kostenrechnung Pflanzenbau Mais (CCM) , https://llg.sachsen-anhalt.de/fileadmin/Bibliothek/Politik_und_Verwaltung/MLU/LLFG/Dokumente/04_themen/betriebswirtschaft/prozesskosten/bw_prozess_16.pdf§ S.18",,,
barley_seed_price,56.1,81.515,210.49,posnorm,Cost of barley seed per kg,€/kg,https://www.baywa.de/de/pflanzenbau/getreide/saatgut/wintergetreide/winterweizen/c-sh_bp_9446978/,,,
barley_fert_price,172.65,201.31,219.9,posnorm,Total cost of fertilizer§ includes NPK + Lime [€/ha],€/ha,"KTBL Leistungs-Kostenrechnung Pflanzenbau Wintergerste (Futtergerste) , https://llg.sachsen-anhalt.de/fileadmin/Bibliothek/Politik_und_Verwaltung/MLU/LLFG/Dokumente/04_themen/betriebswirtschaft/prozesskosten/bw_prozess_16.pdf§ S.14",,,
barley_cides_price,94.61,122.68,163.92,posnorm,Total cost of pesticieds§ includes herbicide§ fungicide§ insectice and growth regulator,€/ha,"KTBL Leistungs-Kostenrechnung Pflanzenbau Wintergerste (Futtergerste) , https://llg.sachsen-anhalt.de/fileadmin/Bibliothek/Politik_und_Verwaltung/MLU/LLFG/Dokumente/04_themen/betriebswirtschaft/prozesskosten/bw_prozess_16.pdf§ S.14",,,
barley_mach_price,257.35,345.89,362.07,posnorm,Machine cost for barley§ includes fixed and variable machine cost [€/ha],€/ha,"KTBL Leistungs-Kostenrechnung Pflanzenbau Wintergerste (Futtergerste) , https://llg.sachsen-anhalt.de/fileadmin/Bibliothek/Politik_und_Verwaltung/MLU/LLFG/Dokumente/04_themen/betriebswirtschaft/prozesskosten/bw_prozess_16.pdf§ S.14",,,
barley_labour,3.1,4.36,6.13,posnorm,Labour cost for barley management [h/ha],h/ha,"KTBL Leistungs-Kostenrechnung Pflanzenbau Wintergerste (Futtergerste) , https://llg.sachsen-anhalt.de/fileadmin/Bibliothek/Politik_und_Verwaltung/MLU/LLFG/Dokumente/04_themen/betriebswirtschaft/prozesskosten/bw_prozess_16.pdf§ S.14",,,
barley_insurance,7.07,7.765,9.33,posnorm,Cost of insurance [€/ha],€/ha,"KTBL Leistungs-Kostenrechnung Pflanzenbau Wintergerste (Futtergerste) , https://llg.sachsen-anhalt.de/fileadmin/Bibliothek/Politik_und_Verwaltung/MLU/LLFG/Dokumente/04_themen/betriebswirtschaft/prozesskosten/bw_prozess_16.pdf§ S.14",,,
table_apple_price,0.6,NA,3,posnorm,Price of table apple [€/kg],€/kg,"Jan Grosse-Kleimann (2024) , https://de.statista.com/statistik/daten/studie/1313761/umfrage/verkaufspreis-von-aepfeln-deutschland/",Used mean conventional table apple price as lower and price that Jan hopes for as upper. Standard table apples from intensive production are very cheap. AF apples must sell for premium price in order for AF system to be economically viable. Best case: fruit (old/local heritage varieties) from extensive production get subsidised,,
juice_apple_price,0.09,NA,0.16,posnorm,Price of juice apple [€/kg],€/kg,https://www.hochstamm-deutschland.de/files/hochstamm/NEWS/PDFs/Preisbarometer/2023-01-13%20Preismonitoring%20Streuobst%20Ergebnisse.pdf,,,
apple_yield_first,5,NA,10,posnorm,First apple yield [% of max apple harvest],%,,MADE UP NUMBER! No data found§ expert estimation needed!,,
apple_yield_second,20,NA,30,posnorm,Second stage apple yield [% of max apple harvest],%,,MADE UP NUMBER! No data found§ expert estimation needed!,,
apple_yield_max,10,NA,50,posnorm,Maximum apple yield [kg/tree],kg/U,"https://www.gartencenter-meier.ch/cms-wAssets/docs/ratgeber/obstgarten/Obstbaum_pflanzen_Meiers_Profitipp_A5.pdf , Jan Grosse-Kleimann (2024) -> calculates with 458.78 dt/ha =~ 55kg/tree ->realistic??","Jan Grosse-Kleimann (2024) -> calculates with 458.78 dt/ha =~ 55kg/tree ->realistic? § ""Yields per tree from apple trees depend on the size of the tree and therefore the rootstock used:
• Dwarf (e.g. on M27) – 14-23kg (30-50lb)
• Semi-dwarf (e.g. MM106) – 27-54kg (60-120lb)
• Standard (e.g. M25) – 45-180kg (100-400lb)"" - Martin Crawford 2015. ""Trees for gardens§ orchards & permaculture"". ISBN 971 856232173 -> yield not only dependent on rootstock though!! Dependent on final size and canopy volume! Upper could be maybe set to 80kg...",,
apple_harvest,300,NA,360,posnorm,Labour hours for harvesting apples manually ,h/ha,"http://obstbau-sachsen-anhalt.de/der-apfel-ein-plaedoyer-der-24-bluetenkoenigin-elisabeth-ii-fuer-regionale-produkte/ , file:///C:/Users/simon/Downloads/YXRpb25JZD0zNzU5NA==.pdf",Low quality source or secundary sources§ no good primary source found yet,,
perc_table_apple,50,NA,80,posnorm,Percentage of total apple yield with table apple quality ,%,"Jan Grosse-Kleimann (2024) , Hans-Joachim Bannier (2024)",Bannier said in phone call that 60% table apples is realistic in extensive production system§ Jan gave 50-80 value range§ both uncalibrated,,
es3_subsidy,200,NA,200,const,"Annual payment for ""Maintenance of Agroforestry System"" ",€/ha,https://foerderung.landwirtschaft-bw.de/,Lde/Startseite/Agrarpolitik/Oeko-Regelungen,,
es3_application,10,NA,12,posnorm,Time spent on application for ES3 subsidy,h,Jan Grosse-Kleimann (2024),Jan said§ that he and employee spent 5-6h together with application (narrow range…),,
es1a_subsidy,1300,NA,1300,const,"Annual payment for ""Provision of areas to improve biodiversity and preserve habitats (fallow land/flowering-/old grass strips and areas)""",€/ha,https://foerderung.landwirtschaft-bw.de/,If GLÖZ8 standards are met§ additional ha of arable land can be dedicated for biodiv. First 1% of additional ha is subsidised with 1300€/ha§ if flower strip is established§ additional 200€ subsidy,,
es1b_subsidy,200,NA,200,const,"Annual payment for ""Provision of areas to improve biodiversity and preserve habitats (fallow land/flowering-/old grass strips and areas)"" -> flower strip!",€/ha,https://foerderung.landwirtschaft-bw.de/,If GLÖZ8 standards are met§ additional ha of arable land can be dedicated for biodiv. First 1% of additional ha is subsidised with 1300€/ha§ if flower strip is established§ additional 200€ subsidy,,
es1_application,1,NA,5,posnorm,Time spent on application for ES3 subsidy,h,,Made up value§ based on high value of es3_application and low value of ni_sub_application§ estimated by farmer from NI,,
flower_strip_est,,NA,,posnorm,Cost of establishing flower strip in tree rows [€/ha],€/ha,,To get ES1 subsidy§ flower strip must be stablished in tree row. Establishing flower strip in year of tree row establishment might cause unwanted effects (competition) but establishing tree row at later stage might be difficult becuase soil in tree row would have to be cultivated in order to sow seeds.,,
gloz8,1,NA,1,const,Is GLÖZ 8 standard met? Mandatory since 2024,,https://foerderung.landwirtschaft-bw.de/,Lde/Startseite/Agrarpolitik/Konditionalitaet,,
arable,1,NA,1,const,Is AF system based on arable ag?,,,,,
treerow_SRC,0,NA,0,const,Does tree row consist of SRC?,,,,,
treerow_shrubs,0,NA,0,const,Does tree row consist of shrubs?,,,,,
treerow_timber_food,1,NA,1,const,Does tree row consist of food or timber producing trees?,,,,,
ni_invest_sub_max,20000,NA,20000,const,Maximum investment support for AF in Lower Saxony,€,https://www.google.com/url?sa=t&rct=j&q=&esrc=s&source=web&cd=&ved=2ahUKEwjj77vx6cOEAxUohP0HHfAMBgkQFnoECA0QAQ&url=https%3A%2F%2Fwww.ml.niedersachsen.de%2Fdownload%2F192402%2FRichtlinie_Agroforstsysteme_-_Entwurf_nicht_vollstaendig_barrierefrei_.pdf&usg=AOvVaw3N2PACTrdfqlWd_jNhC396&opi=89978449,,,
ni_sub_application,2,NA,5,posnorm,Labour hours for applying for investment support ,h,Dr. Carlo Marzini (2024) ,Dr. Carlo Marzini is responsible for the agricultural operation at  Lucklumer BioGut GmbH & Co.KG§ which has two AF systems. The recent one was established with the investment support scheme on Lower Saxony. He estimated the bureaucratic effort to 2-5h (depending on the complexity of the system). Uncalibrated. ,,
by_invest_src,1566,NA,1566,const,Investment support per ha of SRC tree row,€,https://www.wochenblatt-dlv.de/sites/wochenblatt-dlv.de/files/2023-09/m_kulap_i84_agroforstsysteme.pdf,,,
by_invest_shrubs,4138,NA,4138,const,Investment support per ha of shrub tree row,€,https://www.wochenblatt-dlv.de/sites/wochenblatt-dlv.de/files/2023-09/m_kulap_i84_agroforstsysteme.pdf,,,
by_invest_timb_food,5271,NA,5271,const,Investment support per ha of food/timber tree row,€,https://www.wochenblatt-dlv.de/sites/wochenblatt-dlv.de/files/2023-09/m_kulap_i84_agroforstsysteme.pdf,,,
by_invest_max,50000,NA,50000,const,Maximum investment support for AF in Bavaria,€,https://www.wochenblatt-dlv.de/sites/wochenblatt-dlv.de/files/2023-09/m_kulap_i84_agroforstsysteme.pdf,,,
by_invest_maxpc,65,NA,65,const,Maximum investment support for AF in Bavaria,%,https://www.wochenblatt-dlv.de/sites/wochenblatt-dlv.de/files/2023-09/m_kulap_i84_agroforstsysteme.pdf,,,
by_sub_application,2,NA,5,posnorm,Labour hours for applying for investment support ,h,,no numbers for bavaria yet§ numbers for lower saxony used,,
mv_invest_src,1566,NA,1566,const,Investment support per ha of SRC tree row,€,https://www.mv-serviceportal.de/leistung/?leistungId=128575238,,,
mv_invest_shrubs,4138,NA,4138,const,Investment support per ha of shrub tree row,€,https://www.mv-serviceportal.de/leistung/?leistungId=128575238,,,
mv_invest_timb_food,5271,NA,5271,const,Investment support per ha of food/timber tree row,€,https://www.mv-serviceportal.de/leistung/?leistungId=128575238,,,
mv_invest_max,300000,NA,300000,const,Maximum investment support for AF in Mecklenburg-Western pomerania,€,https://www.mv-serviceportal.de/leistung/?leistungId=128575238,,,
mv_invest_maxpc,65,NA,65,const,Maximum investment support for AF in Mecklenburg-Western pomerania,%,https://www.mv-serviceportal.de/leistung/?leistungId=128575238,,,
mv_sub_application,2,NA,5,posnorm,Labour hours for applying for investment support ,h,,no numbers for mecklenburg-western pomerania yet§ numbers from lower saxony used,,
bw_invest_max,1500,NA,1500,const,Maximum investment support for AF in Baden Württemberg,€,https://bzl.landwirtschaft-bw.de/§Lde/Startseite/Beratungsmodule/Ackerbau,,,
bw_invest_maxpc,80,NA,80,const,Maximum investment support for AF in Baden Württemberg,%,https://bzl.landwirtschaft-bw.de/§Lde/Startseite/Beratungsmodule/Ackerbau,,,
bw_sub_application,2,NA,5,posnorm,Labour hours for applying for investment support ,h,https://bzl.landwirtschaft-bw.de/§Lde/Startseite/Beratungsmodule/Ackerbau,no numbers for baden württemberg yet§ numbers from lower saxony used,,
th_invest_max,1500,NA,1500,const,Maximum investment support for AF in Thuringia,€,https://www.aw-landesverwaltungsamt.thueringen.de/assets/uploads/general/220124_Fachlose-und-Beratungsunternehmen_veroeffentlicht.pdf,,,
th_invest_maxpc,100,NA,100,const,Maximum investment support for AF in Thuringia,%,https://www.aw-landesverwaltungsamt.thueringen.de/assets/uploads/general/220124_Fachlose-und-Beratungsunternehmen_veroeffentlicht.pdf,,,
th_sub_application,2,NA,5,posnorm,Labour hours for applying for investment support ,h,,no numbers for thuringia yet§ numbers from lower saxony used,,
time_to_first_apple,4,NA,4,const,Year in which first apple harvest is expected,a,Jan Grosse-Kleimann (2024),Only estimation by Jan§ expert estimation would be better,,
time_to_second_apple,7,NA,7,const,Year in which second apple yield stage is estimated for,a,,Made up number, no source found, expert estimation needed! 
extra_arable_time,5,NA,30,posnorm,Extra labour time spent managing arable crops in AF system,%,"Jan Grosse-Kleimann (2024) , Lena Voßkuhl (2024)",Jan estimated 5-20% extra time managing arable fields in AF system§ Lena estimated up to 30%,,
cv_wheat_yield,9.6,NA,9.6,const,Coefficient of variation of wheat yields [%],%,https://www.landesdatenbank.nrw.de/ldbnrw/online?operation=previous&levelindex=2&step=2&titel=Ergebnis&levelid=1706702870616&acceptscookies=false#abreadcrumb,Calculated from yield data from Kreis Steinfurt§ Kreis Coesfeld§ Kreis Borken and Münster for 1999-2022§ CV=sd/mean*100,,
cv_wheat_price,24.6,NA,24.6,const,Coefficient of variation of wheat prices [%],%,https://de.statista.com/statistik/daten/studie/182308/umfrage/verkaufspreise-fuer-weizen-in-deutschland/,Calculated CV from price data from 1995/1996-/2021/2022§ CV=(sd/mean)*100,,
cv_wheat_seed_price,44.72,NA,44.72,const,Coefficient of variation of wheat seed prices [%],%,"KTBL Leistungs-Kostenrechnung Pflanzenbau Winterweizen/Sommerweizen Futterbau , https://llg.sachsen-anhalt.de/fileadmin/Bibliothek/Politik_und_Verwaltung/MLU/LLFG/Dokumente/04_themen/betriebswirtschaft/prozesskosten/bw_prozess_16.pdf§ S.12https://www.baywa.de/de/pflanzenbau/getreide/saatgut/wintergetrei , de/winterweizen/c-sh_bp_9446978/ , https://daten.ktbl.de/dslkrpflanze/postHv.html#Ergebnis",Calculated from price data from bayva website and KTBL calculation,,
cv_wheat_fert_price,7.23,NA,7.23,const,Coefficient of variation of total fertilizer cost (NPK +Lime) [%],%,"KTBL Leistungs-Kostenrechnung Pflanzenbau Winterweizen/Sommerweizen Futterbau , https://llg.sachsen-anhalt.de/fileadmin/Bibliothek/Politik_und_Verwaltung/MLU/LLFG/Dokumente/04_themen/betriebswirtschaft/prozesskosten/bw_prozess_16.pdf§ S.12",,,
cv_wheat_cides_price,23.15,NA,23.15,const,Coefficient of variation of total pesticide cost [%],%,"KTBL Leistungs-Kostenrechnung Pflanzenbau Winterweizen/Sommerweizen Futterbau , https://llg.sachsen-anhalt.de/fileadmin/Bibliothek/Politik_und_Verwaltung/MLU/LLFG/Dokumente/04_themen/betriebswirtschaft/prozesskosten/bw_prozess_16.pdf§ S.12",,,
cv_wheat_mach_price,11,NA,11,const,Coefficient of variation of machine cost for Wheat§ includes fixed and variable machine cost [%],%,"KTBL Leistungs-Kostenrechnung Pflanzenbau Winterweizen/Sommerweizen Futterbau , https://llg.sachsen-anhalt.de/fileadmin/Bibliothek/Politik_und_Verwaltung/MLU/LLFG/Dokumente/04_themen/betriebswirtschaft/prozesskosten/bw_prozess_16.pdf§ S.12",,,
cv_wheat_labour,23.1,NA,23.1,const,Coefficient of variation of Labour cost for wheat management [%],%,"KTBL Leistungs-Kostenrechnung Pflanzenbau Winterweizen/Sommerweizen Futterbau , https://llg.sachsen-anhalt.de/fileadmin/Bibliothek/Politik_und_Verwaltung/MLU/LLFG/Dokumente/04_themen/betriebswirtschaft/prozesskosten/bw_prozess_16.pdf§ S.12",,,
cv_wheat_insurance,15.14,NA,15.14,const,Coefficient of variation of insurance cost [%],%,"KTBL Leistungs-Kostenrechnung Pflanzenbau Mais (CCM) , https://llg.sachsen-anhalt.de/fileadmin/Bibliothek/Politik_und_Verwaltung/MLU/LLFG/Dokumente/04_themen/betriebswirtschaft/prozesskosten/bw_prozess_16.pdf§ S.18",,,
cv_maize_yield,14.5,NA,14.5,const,Coefficient of variation of maize yields [%],%,https://www.landesdatenbank.nrw.de/ldbnrw//online?operation=table&code=41241-03d&bypass=true&levelindex=0&levelid=1708003551353#abreadcrumb,Calculated from yield data from Kreis Steinfurt§ Kreis Coesfeld§ Kreis Borken and Münster for 1999-2022§ CV=sd/mean*100,,
cv_maize_price,25.4,NA,25.4,const,Coefficient of variation of maize prices [%],%,https://de.statista.com/statistik/daten/studie/457619/umfrage/verkaufspreis-von-mais-in-deutschland/#statisticContainer,Calculated CV from price data from 1995/1996-2022/2023§ CV=(sd/mean)*100,,
cv_maize_seed_price,12,NA,12,const,Coefficient of variation of maize seed cost [%],%,https://bsv-saaten.de/saatgut-landwirtschaft-1/mais/frueh-2.html,Calculated from prices of early and semi-early varieties,,
cv_maize_fert_price,17.6,NA,17.6,const,Coefficient of variation of total fertilizer cost (NPK +Lime) [%],%,"KTBL Leistungs-Kostenrechnung Pflanzenbau Mais (CCM) , https://llg.sachsen-anhalt.de/fileadmin/Bibliothek/Politik_und_Verwaltung/MLU/LLFG/Dokumente/04_themen/betriebswirtschaft/prozesskosten/bw_prozess_16.pdf§ S.18",,,
cv_maize_cides_price,20.06,NA,20.06,const,Coefficient of variation of total pesticide cost [%],%,"KTBL Leistungs-Kostenrechnung Pflanzenbau Mais (CCM) , https://llg.sachsen-anhalt.de/fileadmin/Bibliothek/Politik_und_Verwaltung/MLU/LLFG/Dokumente/04_themen/betriebswirtschaft/prozesskosten/bw_prozess_16.pdf§ S.18",,,
cv_maize_mach_price,23.82,NA,23.82,const,Coefficient of variation of machine cost for maize§ includes fixed and variable machine cost [%],%,"KTBL Leistungs-Kostenrechnung Pflanzenbau Mais (CCM) , https://llg.sachsen-anhalt.de/fileadmin/Bibliothek/Politik_und_Verwaltung/MLU/LLFG/Dokumente/04_themen/betriebswirtschaft/prozesskosten/bw_prozess_16.pdf§ S.18",,,
cv_maize_labour,19.84,NA,19.84,const,Coefficient of variation of Labour cost for maize management [%],%,"KTBL Leistungs-Kostenrechnung Pflanzenbau Mais (CCM) , https://llg.sachsen-anhalt.de/fileadmin/Bibliothek/Politik_und_Verwaltung/MLU/LLFG/Dokumente/04_themen/betriebswirtschaft/prozesskosten/bw_prozess_16.pdf§ S.18",,,
cv_maize_insurance,17.61,NA,17.61,const,Coefficient of variation of insurance cost [%],%,"KTBL Leistungs-Kostenrechnung Pflanzenbau Mais (CCM) , https://llg.sachsen-anhalt.de/fileadmin/Bibliothek/Politik_und_Verwaltung/MLU/LLFG/Dokumente/04_themen/betriebswirtschaft/prozesskosten/bw_prozess_16.pdf§ S.18",,,
cv_barley_yield,12.7,NA,12.7,const,Coefficient of variation of barley yields [%],%,https://www.landesdatenbank.nrw.de/ldbnrw/online?operation=previous&levelindex=2&step=2&titel=Ergebnis&levelid=1706702870616&acceptscookies=false#abreadcrumb,Calculated min§ max and median from yield data from Kreis Steinfurt§ Kreis Coesfeld§ Kreis Borken and Münster for 1999-2022§ CV=sd/mean*100,,
cv_barley_price,27.2,NA,27.2,const,Coefficient of variation of barley prices [%],%,https://de.statista.com/statistik/daten/studie/457570/umfrage/verkaufspreis-von-futtergerste-in-deutschland/,Calculated CV from price data from 1995/1996-2022/2023§ CV=(sd/mean)*100,,
cv_barley_seed_price,45.98,NA,45.98,const,Coefficient of variation of barley seed cost [%],%,"https://www.baywa.de/de/pflanzenbau/getreide/saatgut/wintergetreide/winterweizen/c-sh_bp_9446978/ , https://daten.ktbl.de/dslkrpflanze/postHv.html#Ergebnis",Calculated from price data from bayva website and KTBL calculation,,
cv_barley_fert_price,8.66,NA,8.66,const,Coefficient of variation of total fertilizer cost (NPK +Lime) [%],%,"KTBL Leistungs-Kostenrechnung Pflanzenbau Wintergerste (Futtergerste) , https://llg.sachsen-anhalt.de/fileadmin/Bibliothek/Politik_und_Verwaltung/MLU/LLFG/Dokumente/04_themen/betriebswirtschaft/prozesskosten/bw_prozess_16.pdf§ S.14",,,
cv_barley_cides_price,17.73,NA,17.73,const,Coefficient of variation of total pesticide cost [%],%,"KTBL Leistungs-Kostenrechnung Pflanzenbau Wintergerste (Futtergerste) , https://llg.sachsen-anhalt.de/fileadmin/Bibliothek/Politik_und_Verwaltung/MLU/LLFG/Dokumente/04_themen/betriebswirtschaft/prozesskosten/bw_prozess_16.pdf§ S.14",,,
cv_barley_mach_price,12.02,NA,12.02,const,Coefficient of variation of machine cost for barley§ includes fixed and variable machine cost [%],%,"KTBL Leistungs-Kostenrechnung Pflanzenbau Wintergerste (Futtergerste) , https://llg.sachsen-anhalt.de/fileadmin/Bibliothek/Politik_und_Verwaltung/MLU/LLFG/Dokumente/04_themen/betriebswirtschaft/prozesskosten/bw_prozess_16.pdf§ S.14",,,
cv_barley_labour,23,NA,23,const,Coefficient of variation of Labour cost for barley management [%],%,"KTBL Leistungs-Kostenrechnung Pflanzenbau Wintergerste (Futtergerste) , https://llg.sachsen-anhalt.de/fileadmin/Bibliothek/Politik_und_Verwaltung/MLU/LLFG/Dokumente/04_themen/betriebswirtschaft/prozesskosten/bw_prozess_16.pdf§ S.14",,,
cv_barley_insurance,8.66,NA,8.66,const,Coefficient of variation of insurance cost [%],%,"KTBL Leistungs-Kostenrechnung Pflanzenbau Mais (CCM) , https://llg.sachsen-anhalt.de/fileadmin/Bibliothek/Politik_und_Verwaltung/MLU/LLFG/Dokumente/04_themen/betriebswirtschaft/prozesskosten/bw_prozess_16.pdf§ S.18",,,
cv_rapeseed_yield,14.4,NA,14.4,const,Coefficient of variation of rape seed yields [%],%,https://www.landesdatenbank.nrw.de/ldbnrw/online?operation=previous&levelindex=2&step=2&titel=Ergebnis&levelid=1706702870616&acceptscookies=false#abreadcrumb,Calculated from yield data from Kreis Steinfurt§ Kreis Coesfeld§ Kreis Borken and Münster for 1999-2022§ CV=sd/mean*100,,
cv_rapeseed_price,30.5,NA,30.5,const,Coefficient of variation of rape seed prices [%],%,https://de.statista.com/statistik/daten/studie/480850/umfrage/verkaufspreis-von-raps-in-deutschland/,Calculated CV from price data from 2005-2022§ CV=(sd/mean)*100,,
cv_rapeseed_seed_price,24.7,NA,24.7,const,Coefficient of variation of rapeseed seed prices [%],%,https://www.baywa.de/de/pflanzenbau/raps/saatgut/c-sh_bp_9429477/,Calculated from price data from bayva website and KTBL calculation,,
cv_rapeseed_fert_price,31.41,NA,31.41,const,Coefficient of variation of total fertilizer cost (NPK +Lime) [%],%,"KTBL Leistungs-Kostenrechnung Pflanzenbau Winterraps/Winterraps (Rapsöl) , https://llg.sachsen-anhalt.de/fileadmin/Bibliothek/Politik_und_Verwaltung/MLU/LLFG/Dokumente/04_themen/betriebswirtschaft/prozesskosten/bw_prozess_16.pdf§ S.19",,,
cv_rapeseed_cides_price,13,NA,13,const,Coefficient of variation of total pestricide cost [%],%,"KTBL Leistungs-Kostenrechnung Pflanzenbau Winterraps/Winterraps (Rapsöl) , https://llg.sachsen-anhalt.de/fileadmin/Bibliothek/Politik_und_Verwaltung/MLU/LLFG/Dokumente/04_themen/betriebswirtschaft/prozesskosten/bw_prozess_16.pdf§ S.19",,,
cv_rapeseed_mach_price,13.78,NA,13.78,const,Coefficient of variation of machine cost for rapeseed§ includes fixed and variable machine cost [%],%,"KTBL Leistungs-Kostenrechnung Pflanzenbau Winterraps/Winterraps (Rapsöl) , https://llg.sachsen-anhalt.de/fileadmin/Bibliothek/Politik_und_Verwaltung/MLU/LLFG/Dokumente/04_themen/betriebswirtschaft/prozesskosten/bw_prozess_16.pdf§ S.19",,,
cv_rapeseed_labour,16,NA,16,const,Coefficient of variation of Labour cost for rapeseed management [%],%,"KTBL Leistungs-Kostenrechnung Pflanzenbau Winterraps/Winterraps (Rapsöl) , https://llg.sachsen-anhalt.de/fileadmin/Bibliothek/Politik_und_Verwaltung/MLU/LLFG/Dokumente/04_themen/betriebswirtschaft/prozesskosten/bw_prozess_16.pdf§ S.19",,,
cv_rapeseed_insurance,31.41,NA,31.41,const,Coefficient of variation of Cost of insurance [%],%,"KTBL Leistungs-Kostenrechnung Pflanzenbau Winterraps/Winterraps (Rapsöl) , https://llg.sachsen-anhalt.de/fileadmin/Bibliothek/Politik_und_Verwaltung/MLU/LLFG/Dokumente/04_themen/betriebswirtschaft/prozesskosten/bw_prozess_16.pdf§ S.19",,,
late_frost_risk,,,,posnorm,Risk of late frost occuring§ damaging apple flowers§ leading to reduced yield,%,,Late frost does not only affect yield in year of frost event but also lead to effects on blooming behaviour of apple trees -> alternate bearing! Alternate bearing is reduced by even yearly fruit set and yield§ one time events leading to low/no yield§ can lead to high yield in the next year§ leading to very low/no yield the year after. How to account for that in model?,,
late_frost_yield_loss,,,,posnorm,Effect of late frost event on apple yield,%,,,,
hail_risk,,,,posnorm,Risk of hail occuring§ damaging apples§ leading to reduced yield and/or quality of yield,%,,,,
hail_yield_loss_apple,,,,posnorm,Effect of hail event on apple yield/quality,%,,Hail can damage apples to a point where they can not be sold or only to a point where the quality reduces (e.g. percentage of table apples reduces significantly),,
hail_yield_loss_arable,,,,posnorm,Effect of hail event on arable yield,%,,Hail can damage arable crop and reduce yields. Hail insurance cost is already included in model. What happens in event of hail? How much does insurance pay? How much does the yield really decrease?,,
tree_dieback_risk,,,,posnorm,Risk of trees dying (either in year of establishment§ or later§ leading to cost for replanting),%,,Tree dieback would lead to cost for replanting but also for delayed max yield in single trees. Difficult to model…,,
drought_risk,,,,posnorm,Risk of drought§ affecting yield of arable crop,%,,Apple trees are irrigated§ drought would affect especially arable crop,,
heavy_rain_risk,,,,posnorm,Risk of heavy rain events§ delaying grain harvest and reducing quality,%,,Grain harvest can be delayed by heavy rain events§ when soil is to moist to hold weight of the tractor. Moisture in mature grain can lead to mold or at least cost for drying§ can be represented as decrease in overall yield.,,
